Strain,THC_Level,Myrcene,Limonene,Caryophyllene,Relaxed,Happy,Uplifted,Sleepy
Amnesia Haze,0.5983769796902134,-0.9503819266229829,1.5316584905651285,-1.1990875469596172,-1.0160010160015243,1.360827634879543,1.3719886811400708,-1.2747548783981961
Blue Dream,-0.7978359729202857,-0.4751909633114914,-0.186548149491907,-0.4584746503080889,-0.12700012700019084,0.4082482904638628,0.17149858514250876,-0.5883484054145521
Girl Scout Cookies,1.0637812972270464,-1.1879774082787287,0.15709317851950017,-0.7053456158585983,0.7620007620011426,-0.5443310539518175,0.17149858514250876,0.09805806756909197
White Rhino,-1.2632402904571187,1.4255728899344744,-1.0456514695204246,1.5164930740959863,0.7620007620011426,-1.4969103983674976,-1.0289915108550531,1.47087101353638
Granddaddy Purple,-0.9529707454325634,0.7127864449672373,-0.873830805514721,1.0227511429949676,0.7620007620011426,-0.5443310539518175,-1.0289915108550531,0.7844645405527361
Northern Lights,-0.17729688287117495,1.187977408278729,-0.9425590711170024,0.7758801774444585,0.7620007620011426,-0.5443310539518175,-1.0289915108550531,0.7844645405527361
Sour Diesel,1.5291856147638796,-0.7127864449672372,1.3598378265594249,-0.9522165814091077,-1.9050019050028577,1.360827634879543,1.3719886811400708,-1.2747548783981961
