Cluster,THC_Level,Myrcene,Limonene,Caryophyllene,Relaxed,Happy,Uplifted,Sleepy
0,21.0,0.25,0.35,0.275,4.5,3.5,3.0,2.5
1,18.0,1.0666666666666667,0.07666666666666667,0.6166666666666667,5.0,2.6666666666666665,1.0,4.333333333333333
2,24.0,0.25,0.775,0.175,2.5,5.0,5.0,1.0
