Strain,PC1,PC2
Amnesia Haze,3.328238475988424,-0.32180132243323795
Blue Dream,0.48010753907228215,-0.2997363403644515
Girl Scout Cookies,0.6232641428563505,1.8918437426443193
White Rhino,-3.536272841035876,-0.4076436289374313
Granddaddy Purple,-2.362421881305366,-0.23492700966395919
Northern Lights,-2.2150001361269918,-0.0594629588947299
Sour Diesel,3.682084700551175,-0.5682724823505106
